-0.40608,0.018741
-0.3512,-0.038873
-0.33732,-0.27281
-0.32324,-0.25775
-0.31902,-0.070291
-0.28942,0.15471
-0.26795,0.10406
-0.26081,-0.18226
-0.26019,0.10026
-0.25396,0.045583
-0.24385,0.1918
-0.23725,-0.030722
-0.23437,0.10571
-0.23355,-0.044319
-0.23086,0.097302
-0.22584,0.074316
-0.22066,-0.10284
-0.2156,0.058013
-0.21405,-0.033659
-0.21379,-0.067724
-0.21271,-0.080161
-0.2091,-0.12025
-0.20424,0.084687
-0.20057,-0.14046
-0.19606,0.19169
-0.19124,0.19492
-0.18936,-0.19819
-0.18923,-0.0093504
-0.18207,-0.039877
-0.18061,0.054517
-0.1783,0.056881
-0.17743,-0.094533
-0.176,-0.06333
-0.17383,0.11824
-0.173,-0.073619
-0.17198,-0.033579
-0.17174,0.097961
-0.17071,-0.015744
-0.17009,0.042195
-0.16915,-0.08506
-0.16752,-0.0085079
-0.16594,0.0026279
-0.16479,0.023094
-0.16401,0.062413
-0.16378,0.034841
-0.16322,-0.068412
-0.16319,-0.094003
-0.16235,-0.25143
-0.16145,-0.03955
-0.16125,0.08137
-0.16085,0.004621
-0.1604,0.033159
-0.15988,0.04926
-0.15467,-0.10236
-0.15221,-0.063832
-0.15171,0.19333
-0.15143,0.014429
-0.15089,0.10185
-0.15036,0.051927
-0.14972,-0.0057868
-0.14904,-0.0066924
-0.14859,-0.38852
-0.14777,-0.16971
-0.14452,0.085958
-0.14421,-0.053047
-0.14191,-0.095612
-0.14187,-0.083755
-0.14182,0.011288
-0.1405,-0.11717
-0.13847,0.016073
-0.13562,-0.052307
-0.13508,-0.068553
-0.13435,-0.071533
-0.13268,0.25271
-0.13184,-0.0011697
-0.13022,-0.025523
-0.12921,0.12872
-0.12746,0.078361
-0.12582,0.085115
-0.12553,0.10845
-0.12472,-0.29892
-0.12467,0.28021
-0.1213,-0.019245
-0.11685,-0.17857
-0.11683,0.16627
-0.11304,-0.059979
-0.11296,0.11101
-0.11196,-0.059529
-0.11169,0.41476
-0.10684,-0.082792
-0.10487,-0.25291
-0.10343,0.15119
-0.10278,-0.079317
-0.10191,-0.010802
-0.10111,-0.070206
-0.10012,0.049481
-0.10002,0.38691
-0.099871,0.014802
-0.099681,-0.20249
-0.099393,-0.013212
-0.098511,0.14729
-0.097867,0.01688
-0.09704,-0.044418
-0.0962,0.036093
-0.09331,0.024266
-0.093185,0.0088828
-0.093166,-0.059196
-0.093012,-0.024903
-0.092137,0.13985
-0.092081,0.25535
-0.091901,0.062546
-0.091244,0.12198
-0.089504,-0.016148
-0.087931,0.26587
-0.087181,0.27538
-0.085911,0.023725
-0.08488,0.024052
-0.084518,-0.18389
-0.084422,-0.11776
-0.084298,-0.048802
-0.083777,0.072503
-0.083556,-0.14247
-0.083213,0.33277
-0.082259,0.020761
-0.082185,-0.091964
-0.08173,0.034737
-0.081554,0.12224
-0.081367,0.0011467
-0.080881,0.1242
-0.08053,-0.029001
-0.080296,0.44227
-0.080149,0.37947
-0.079789,0.32016
-0.078809,0.21623
-0.078678,0.010225
-0.078508,-0.21202
-0.078383,0.068762
-0.078095,0.049872
-0.077846,0.0036166
-0.077784,-0.088181
-0.077363,0.032573
-0.076287,0.017584
-0.075912,0.029097
-0.075526,-0.17872
-0.074974,-0.1951
-0.073479,0.29562
-0.072974,0.3216
-0.071583,-0.075932
-0.071572,0.13037
-0.070164,-0.061532
-0.070097,0.041589
-0.069233,-0.078264
-0.067685,0.28676
-0.06552,0.31364
-0.064824,0.029231
-0.064318,-0.036529
-0.063969,-0.054388
-0.063184,0.28919
-0.063135,0.39981
-0.062864,0.10431
-0.062679,0.27059
-0.062659,0.33921
-0.062349,0.77189
-0.062227,0.018709
-0.062206,0.31087
-0.061343,0.12919
-0.061134,-0.0076749
-0.059502,-0.054788
-0.05943,0.45708
-0.059057,0.074415
-0.058168,-0.019574
-0.056643,0.20466
-0.055804,0.39035
-0.055042,0.070351
-0.053306,0.37975
-0.053133,0.043416
-0.052836,0.25179
-0.051858,0.40129
-0.050765,0.11708
-0.0501,-0.05445
-0.049538,-0.024055
-0.048912,0.018754
-0.047531,-0.18129
-0.047411,0.069602
-0.047057,0.32886
-0.046343,0.37543
-0.045168,-0.017922
-0.045079,-0.20794
-0.044389,0.016075
-0.044307,-0.16315
-0.043243,-0.23228
-0.043167,0.4722
-0.04286,0.006873
-0.042511,-0.072667
-0.042354,-0.058915
-0.041953,0.059689
-0.041921,0.035915
-0.041738,-0.040722
-0.041494,0.0081095
-0.04102,0.016207
-0.040447,-0.27988
-0.039952,0.19196
-0.039718,0.28108
-0.038862,0.35492
-0.038736,-0.013487
-0.038484,-0.099375
-0.038255,0.28066
-0.037737,-0.1772
-0.036951,-0.018049
-0.036562,0.025357
-0.036309,0.28371
-0.03583,0.37537
-0.035733,0.35508
-0.033613,0.42029
-0.032984,-0.029788
-0.032841,0.70783
-0.031355,-0.27773
-0.031105,0.37692
-0.031036,0.13694
-0.030814,-0.059777
-0.030769,0.14619
-0.030753,0.033101
-0.030694,-0.12233
-0.030329,-0.0084038
-0.028841,-0.061939
-0.027763,-0.0082699
-0.027591,-0.018634
-0.026887,0.082801
-0.026807,0.066066
-0.025577,0.36191
-0.025013,0.30663
-0.024968,0.39458
-0.024865,-0.20812
-0.024668,0.37348
-0.024026,-0.11848
-0.023953,0.073501
-0.022757,0.43431
-0.021801,0.0097877
-0.021733,0.060275
-0.021443,0.071078
-0.021372,0.0075446
-0.021061,0.35716
-0.021057,0.27153
-0.020854,-0.015505
-0.020571,0.33196
-0.020361,0.012321
-0.01998,0.3244
-0.01963,-0.16263
-0.019261,0.69182
-0.01874,-0.10982
-0.018511,0.042761
-0.017982,0.37713
-0.017311,0.31499
-0.017209,0.35048
-0.017099,0.17439
-0.017025,0.3223
-0.016853,0.071565
-0.016777,0.036734
-0.016644,0.20756
-0.015644,0.83299
-0.015591,-0.059198
-0.014932,0.28908
-0.014672,0.33582
-0.014154,0.033752
-0.013901,0.43692
-0.013653,0.36155
-0.013308,0.1038
-0.012596,0.067854
-0.012253,0.025368
-0.01121,-0.13687
-0.01106,0.25602
-0.010927,-0.0283
-0.010358,0.31082
-0.0095591,0.32411
-0.009223,-0.17026
-0.0088226,0.13511
-0.0085248,0.01874
-0.0061148,0.0020955
-0.0060801,-0.059976
-0.00594,0.20226
-0.0058658,0.03251
-0.0055449,-0.012903
-0.0054051,0.36476
-0.0052707,-0.082371
-0.0052473,0.056553
-0.0048124,0.36121
-0.0039965,0.098415
-0.0037407,-0.066539
-0.0036568,0.40166
-0.0035797,0.2681
-0.0030483,0.37345
-0.0027126,-0.11998
-0.0026962,-0.22004
-0.0026912,0.0059207
-0.0025421,-0.23055
-0.0023251,0.1507
-0.0018709,-0.074317
-0.0017041,-0.011867
-0.0016489,0.34432
-0.00091758,0.025729
-0.00047657,0.074845
-0.00047149,-0.078451
-3.9698e-05,0.13778
0.00016549,0.3005
0.00067444,-0.068194
0.0012637,0.16244
0.001371,0.77465
0.0018942,0.08743
0.0021647,0.0066005
0.0037984,-0.017342
0.0040597,0.28487
0.0048814,0.00073413
0.0053854,0.010724
0.0054426,0.02457
0.0056662,0.35191
0.0057847,0.32029
0.0059624,0.33751
0.0062715,-0.16281
0.0063162,0.13831
0.0063887,0.24581
0.0068438,0.19309
0.0071961,-0.017328
0.0073532,0.26085
0.0073977,0.01015
0.0086967,0.052101
0.0087719,0.36273
0.0089243,-0.028081
0.0089752,-0.053748
0.010114,-0.13495
0.010263,-0.11376
0.010793,0.13763
0.010874,0.30759
0.011184,0.12967
0.011605,0.011249
0.012517,0.34447
0.01397,0.014672
0.014156,-0.06205
0.014711,0.058291
0.014761,0.0047642
0.015037,0.3639
0.015348,-0.010466
0.016033,-0.065614
0.016232,0.34402
0.016679,0.02483
0.016867,-0.23683
0.017084,0.052781
0.017738,0.34881
0.01774,0.16138
0.017799,-0.10201
0.018036,0.30151
0.019073,0.24377
0.019627,0.034684
0.020082,-0.097082
0.020672,0.045913
0.020706,0.12224
0.021281,0.70373
0.021659,-0.12409
0.02168,-0.020763
0.021845,0.2663
0.022315,0.1347
0.022338,0.012076
0.022622,0.036393
0.02337,-0.12276
0.024243,0.068221
0.025471,0.19759
0.025962,0.029869
0.026093,0.021957
0.026332,-0.20002
0.026805,-0.21241
0.027086,0.26702
0.027124,-0.17358
0.027164,0.1914
0.027499,0.42085
0.027755,0.28145
0.027853,-0.15521
0.028497,0.36342
0.0285,-0.17736
0.028762,0.17014
0.028953,-0.001956
0.029376,0.20881
0.029413,0.21412
0.029896,-0.21668
0.030397,-0.16855
0.030725,0.0086757
0.031068,0.70882
0.0311,0.37855
0.032233,0.065803
0.032244,0.11697
0.033265,0.039383
0.034313,0.091852
0.034419,0.018426
0.035854,0.63189
0.036305,0.66182
0.038101,0.0012125
0.038776,0.019748
0.038847,-0.043606
0.03903,-0.18637
0.03905,0.36223
0.039187,-0.16946
0.039322,0.019721
0.04004,0.049284
0.04022,0.12833
0.040433,-0.11978
0.041093,-0.18418
0.041119,-0.24961
0.041381,-0.012718
0.041708,0.089848
0.042672,0.36104
0.043468,0.16003
0.044227,0.3384
0.044494,0.70058
0.044508,0.019266
0.044782,0.16524
0.045202,-0.021736
0.045461,-0.066305
0.045931,-0.14217
0.04633,0.36415
0.046536,-0.10062
0.046747,0.001941
0.047057,0.055056
0.049329,0.20774
0.049666,0.041758
0.049807,-0.029593
0.05014,0.3497
0.050787,-0.0043052
0.052068,0.33207
0.052604,0.37512
0.052661,0.73575
0.054458,0.064598
0.055215,0.079924
0.055264,0.58256
0.055518,-0.12688
0.05591,0.83372
0.055999,0.36012
0.056351,0.068001
0.057041,-0.1447
0.057131,0.78144
0.058146,0.41985
0.058582,-0.075227
0.058596,-0.021128
0.058728,0.034945
0.058757,-0.11118
0.059009,-0.10914
0.059137,0.057802
0.059276,-0.10009
0.060377,0.72599
0.060988,-0.0035697
0.063678,0.56473
0.065067,0.37566
0.06515,0.29726
0.065473,0.25911
0.065497,0.14246
0.066329,0.015632
0.066608,0.027043
0.066832,0.91783
0.067145,0.027663
0.067869,0.5009
0.068162,1.1372e-05
0.068922,-0.03478
0.069208,-0.12731
0.069228,-0.29533
0.069654,0.07843
0.070232,0.063461
0.070842,0.30842
0.07099,-0.19336
0.071059,0.67098
0.071982,-0.037057
0.072535,-0.034644
0.072765,-0.15455
0.072813,0.028019
0.07329,-0.081087
0.074226,-0.0015074
0.075052,-0.021166
0.076078,0.33013
0.076357,0.37107
0.076678,0.019385
0.07691,0.2041
0.077162,0.057455
0.078422,-0.045968
0.078697,0.2715
0.078935,0.73539
0.079207,0.43501
0.079314,0.77309
0.080637,0.027406
0.080687,0.24231
0.081628,0.14622
0.081885,-0.087235
0.081964,0.23746
0.082211,0.57006
0.083387,0.38595
0.084245,-0.016031
0.085215,0.63477
0.085237,-0.16415
0.085468,0.0020975
0.085841,-0.053131
0.085918,0.44285
0.086596,0.14071
0.087065,-0.021719
0.087108,0.59353
0.087109,0.1955
0.088307,0.050364
0.088388,-0.062703
0.088511,0.077294
0.089998,-0.18968
0.090019,0.26793
0.09076,-0.058984
0.091978,0.078899
0.092277,-0.11855
0.092316,0.68167
0.092338,-0.17944
0.092385,-0.013738
0.092438,-0.0526
0.093247,0.54945
0.093347,0.11584
0.093594,0.83763
0.093625,0.026648
0.093665,0.13672
0.093723,0.13886
0.095582,0.028659
0.095586,0.073157
0.095629,0.59924
0.09565,0.30912
0.096052,-0.18245
0.096336,-0.13135
0.096693,0.0051484
0.097616,0.071597
0.098932,0.67434
0.099544,-0.13236
0.099936,0.20063
0.10143,-0.0073115
0.1022,0.035408
0.10278,-0.079505
0.10287,-0.025824
0.10338,0.21478
0.1035,-0.024017
0.10398,-0.08966
0.10401,-0.018179
0.10409,0.63961
0.10429,0.64403
0.10518,0.029058
0.10655,0.76003
0.10749,0.25495
0.10887,0.60301
0.10958,0.63879
0.11158,0.06371
0.11171,0.079866
0.11288,0.18292
0.11371,0.53945
0.11467,-0.053634
0.11484,0.64854
0.118,0.026351
0.11817,0.66457
0.1188,0.67045
0.11953,-0.095335
0.11976,0.45494
0.12229,-0.15754
0.12236,0.59535
0.12401,-0.040189
0.12462,-0.2329
0.12538,0.75441
0.12614,0.061437
0.1266,0.0924
0.1287,0.61475
0.12994,0.29832
0.13039,0.63374
0.13094,0.19672
0.13104,0.027498
0.13153,0.55792
0.13177,0.77793
0.13204,0.63056
0.13364,-0.057839
0.13374,0.11128
0.13406,0.011283
0.13513,0.79344
0.13524,0.048193
0.13697,0.094032
0.1371,0.096381
0.13923,0.057096
0.13937,0.024603
0.14008,-0.16789
0.14023,0.49439
0.14072,0.15439
0.14098,0.081079
0.1413,-0.017225
0.14152,-0.18445
0.14162,0.091169
0.14234,0.16437
0.1425,-0.0090757
0.14302,0.65257
0.14364,0.72145
0.14434,0.19128
0.1471,0.069667
0.14762,0.68174
0.14777,0.18928
0.14806,-0.12849
0.14848,0.59234
0.14868,0.52847
0.1491,-0.070621
0.14981,0.90965
0.15025,0.50547
0.15227,0.072597
0.15231,0.80184
0.15267,0.077057
0.15309,0.039293
0.15354,0.49801
0.15378,0.5718
0.15523,-0.11118
0.15525,-0.063085
0.15531,-0.079829
0.15548,0.60647
0.15634,0.087317
0.15781,0.54222
0.15873,0.067654
0.15931,-0.06675
0.16285,-0.23989
0.16399,0.81058
0.16428,0.59646
0.16453,0.63601
0.16484,0.084413
0.166,-0.016744
0.16636,0.68772
0.1688,0.83016
0.16883,0.86597
0.16929,0.70455
0.16942,0.72184
0.16986,-0.046511
0.17,-0.12212
0.17013,0.43795
0.17018,0.5705
0.17059,-0.13799
0.17101,0.81606
0.17326,0.66871
0.17484,0.80622
0.17488,0.14982
0.17503,-0.11322
0.17528,0.024918
0.17668,0.65198
0.17683,0.91985
0.17753,0.66686
0.17966,-0.17131
0.17986,-0.10307
0.1799,0.75753
0.18021,0.0054901
0.18022,0.0069664
0.18027,0.69586
0.18045,0.73473
0.18112,0.62987
0.18144,0.010191
0.18175,0.72888
0.18207,0.57417
0.18284,-0.079327
0.18301,0.81629
0.18337,-0.30183
0.18435,0.71547
0.1859,0.58226
0.18592,0.64052
0.18709,0.71954
0.18745,-0.017438
0.1885,0.022874
0.18852,0.7172
0.18885,0.61377
0.18994,0.54286
0.19016,0.62617
0.19238,0.79109
0.19357,0.75835
0.19365,0.63088
0.19383,0.70169
0.1943,0.64638
0.19434,0.45696
0.19465,-0.13551
0.19488,0.057363
0.19492,0.97104
0.19567,0.77081
0.19611,-0.11173
0.1962,0.68832
0.19813,0.78225
0.19847,0.78269
0.19975,0.652
0.19975,-0.12835
0.20072,-0.088602
0.20078,0.63115
0.20249,-0.017925
0.20319,0.48423
0.2034,0.5654
0.20357,0.26986
0.20435,0.47681
0.205,0.60272
0.20595,0.048258
0.20669,0.030525
0.20674,0.54832
0.20683,0.75032
0.20749,0.69829
0.20826,0.71258
0.2087,0.81295
0.20929,0.50597
0.20976,0.72484
0.21022,0.62403
0.21104,0.74339
0.21145,0.82845
0.21202,0.68344
0.21292,-0.23297
0.21381,-0.077516
0.2142,0.6888
0.2149,0.5064
0.21555,0.43015
0.21569,-0.12202
0.21619,0.72081
0.21643,0.82108
0.21676,0.49633
0.21737,-0.065089
0.21945,0.64589
0.21955,0.65902
0.22029,0.77134
0.22114,0.38722
0.22133,0.65136
0.22138,0.057646
0.22166,0.77642
0.22233,0.80602
0.22283,0.77317
0.22289,0.0074689
0.22307,0.10386
0.22332,-0.12416
0.22343,0.71479
0.22395,0.60187
0.22462,0.35988
0.22514,0.54483
0.22516,0.76784
0.22529,0.5467
0.22547,0.69364
0.22562,0.62029
0.22651,0.72308
0.22677,0.82254
0.22776,0.70497
0.2281,0.65572
0.22823,0.10552
0.22859,0.77439
0.22878,0.45439
0.22894,0.51193
0.2298,0.77823
0.23071,0.61719
0.23076,-0.028577
0.23193,0.70636
0.23194,0.85583
0.23228,0.83926
0.23257,0.70492
0.23288,0.53909
0.233,0.66605
0.23305,0.21032
0.23358,0.65381
0.23383,0.64801
0.23697,0.64203
0.237,0.80522
0.23755,-0.01592
0.23758,0.033521
0.23767,0.57939
0.23774,0.59511
0.23815,0.80051
0.23873,0.5812
0.24014,0.75072
0.24025,0.71276
0.2406,0.79616
0.24106,0.99261
0.2422,0.81387
0.24324,0.46078
0.24412,0.77017
0.24415,0.71602
0.24504,0.81202
0.24517,0.77629
0.24522,0.78403
0.24525,0.57545
0.24562,-0.078283
0.24571,0.52536
0.24576,0.66558
0.24604,0.76508
0.24664,0.87036
0.24736,0.66602
0.24746,-0.012269
0.24746,0.79161
0.24755,0.13033
0.24767,0.74996
0.24776,0.60783
0.24826,0.40968
0.24932,0.6965
0.24978,0.65726
0.25187,0.12101
0.25271,0.64002
0.25276,0.51338
0.25355,0.86409
0.25392,0.61217
0.25397,0.64844
0.25506,0.78948
0.25538,0.61439
0.25647,0.52298
0.25715,0.64494
0.25748,0.65535
0.25919,0.63999
0.25946,0.69559
0.2599,0.50924
0.26019,0.66372
0.26088,0.58506
0.26115,0.28308
0.26152,0.81492
0.26204,0.32457
0.26256,0.59866
0.26389,0.68348
0.26394,0.70735
0.26413,0.53132
0.26465,0.56038
0.26493,-0.018211
0.26546,0.19349
0.2663,0.65321
0.26641,0.78894
0.26665,0.60543
0.26692,0.59651
0.26768,0.50622
0.26814,0.073476
0.26849,0.79746
0.2685,0.87861
0.26883,0.66579
0.26883,0.67815
0.2692,0.66965
0.26947,0.54297
0.26981,0.55296
0.27004,0.5944
0.27062,0.82918
0.27073,0.65424
0.27119,0.78419
0.27146,0.53602
0.27352,0.51625
0.27381,0.69987
0.27416,0.5178
0.27491,0.62608
0.27528,0.68438
0.27536,0.8099
0.27536,0.32265
0.27559,0.63575
0.27587,0.54643
0.27633,0.70808
0.27645,0.70623
0.27661,0.7211
0.27677,0.69312
0.27688,0.90091
0.27693,0.73035
0.27712,0.58791
0.27782,0.71654
0.27784,0.68157
0.27845,0.53617
0.27857,0.28906
0.27923,0.67851
0.28111,0.67266
0.282,0.7814
0.28202,0.31251
0.28224,0.84633
0.28373,0.84052
0.2838,0.8057
0.28412,0.59496
0.28422,0.7863
0.2852,0.71192
0.28533,0.78039
0.28541,0.368
0.28602,0.44954
0.28639,0.34481
0.28722,0.69768
0.28776,0.34852
0.28782,0.67446
0.288,0.52484
0.28835,0.30913
0.28847,0.74773
0.28867,0.49918
0.2896,0.54654
0.29012,0.31265
0.29024,0.57523
0.29074,0.40396
0.29076,0.61371
0.29098,0.32726
0.29098,0.29108
0.29175,0.95333
0.29193,0.61326
0.29228,0.79938
0.2926,0.3237
0.29285,0.69603
0.29318,0.74162
0.29402,0.49376
0.29407,0.8006
0.29459,0.7191
0.29553,0.51294
0.29568,0.77369
0.29655,0.3513
0.29673,0.33656
0.29678,0.58741
0.29679,0.50772
0.2971,0.35225
0.29723,0.62353
0.29744,0.70377
0.29828,0.63445
0.29899,0.69593
0.29909,0.98747
0.29979,0.6917
0.29989,0.51905
0.30021,0.69146
0.30027,0.74245
0.30076,0.81757
0.30115,0.82582
0.30124,0.75471
0.30136,0.61773
0.3014,0.66469
0.30164,0.60132
0.30208,0.74049
0.30256,0.90041
0.303,0.81764
0.30336,0.67986
0.30354,0.71851
0.30362,0.82389
0.30372,0.28686
0.30374,0.35808
0.30396,0.61369
0.30409,0.64903
0.30461,0.73292
0.30472,0.33918
0.30488,0.59202
0.30518,0.7329
0.30531,0.82833
0.30531,0.32388
0.30539,0.64111
0.3054,0.3701
0.30584,0.52761
0.30596,0.74731
0.30607,0.32331
0.30671,0.3218
0.30744,0.56921
0.3078,0.72882
0.30787,0.71377
0.30815,0.75859
0.30852,0.78035
0.30929,0.66887
0.30932,0.40791
0.30952,0.66122
0.31035,0.33265
0.31069,0.36153
0.31112,0.13294
0.31142,0.85665
0.31167,0.60512
0.31202,0.73069
0.31254,0.36377
0.31273,0.64136
0.31285,0.3349
0.31288,0.31577
0.31293,0.8651
0.31355,0.56591
0.3141,0.53137
0.31421,0.83165
0.31466,0.33527
0.31538,0.47232
0.31585,0.63665
0.31633,0.69811
0.3165,0.34542
0.3165,0.52227
0.31651,0.35692
0.31676,0.34393
0.31685,0.33804
0.3169,0.57317
0.31705,0.54556
0.3171,0.82871
0.31731,0.69449
0.31752,0.76436
0.31789,0.43242
0.31879,0.30676
0.31962,0.33363
0.31966,0.59421
0.31975,0.63648
0.31975,0.34375
0.3203,0.79336
0.32032,0.34679
0.32056,0.6835
0.32058,0.73409
0.3209,0.61526
0.32099,0.68595
0.32154,0.34427
0.32155,0.79704
0.32216,0.41059
0.32236,0.45283
0.32265,0.58556
0.32276,0.34373
0.32295,0.41334
0.32296,0.60915
0.3231,0.65003
0.3231,0.82992
0.32318,0.4829
0.32342,0.75105
0.32455,0.35318
0.32474,0.55996
0.3248,0.71811
0.32481,0.61227
0.32503,0.70313
0.3251,0.30506
0.32511,0.5959
0.32529,0.33318
0.3253,0.73589
0.32538,0.69344
0.32546,0.41112
0.32591,0.33305
0.32598,0.55763
0.32604,0.35633
0.32606,0.8058
0.32607,0.35186
0.32613,0.7302
0.3263,0.73611
0.32648,0.34765
0.32674,0.87896
0.32729,0.32411
0.32739,0.35317
0.32743,0.62028
0.32743,0.71294
0.32746,0.33256
0.32759,0.5423
0.32806,0.96012
0.32816,0.66271
0.32822,0.32917
0.32855,0.63266
0.32861,0.35156
0.32993,0.74223
0.32998,0.86734
0.33002,0.36935
0.33213,0.62216
0.33227,0.30939
0.33234,0.62963
0.33246,0.55424
0.33262,0.69629
0.33262,0.34883
0.33278,0.72822
0.33291,0.67173
0.33342,0.69107
0.33387,0.69434
0.33456,0.67717
0.33511,0.33076
0.33545,0.62968
0.33558,0.30398
0.33589,0.54537
0.336,0.6101
0.33612,0.0050955
0.33626,0.79129
0.33629,0.79014
0.33632,0.52124
0.33677,0.69121
0.33689,0.75952
0.3375,0.61034
0.33752,0.58862
0.33766,0.72828
0.33777,0.55495
0.33886,0.82933
0.33887,0.65153
0.33887,0.30398
0.33912,0.34503
0.33918,0.30871
0.33921,0.71259
0.33928,0.56637
0.33975,0.73628
0.34011,0.30953
0.34019,0.36515
0.34022,0.76482
0.34075,0.36459
0.34116,0.86979
0.34135,0.31535
0.3415,0.29937
0.34155,0.80407
0.34167,0.86053
0.3417,0.43295
0.34244,0.8929
0.34349,0.33746
0.34359,0.29347
0.34394,0.29119
0.34396,0.51575
0.34419,0.81425
0.34454,0.34401
0.3446,0.50818
0.3447,0.53661
0.34496,0.60236
0.34516,0.65235
0.34546,0.33188
0.34587,0.6105
0.3459,0.64711
0.346,0.83248
0.34623,0.51633
0.3465,0.34822
0.34693,0.78808
0.3473,0.81021
0.34733,0.30709
0.34735,0.91308
0.34735,0.4514
0.34743,0.63346
0.34744,0.62958
0.34744,0.68323
0.34749,0.56245
0.34772,0.84276
0.34833,0.35186
0.34853,0.78402
0.34874,0.54266
0.34874,0.61768
0.34916,0.23478
0.34946,0.77173
0.34964,0.35283
0.34992,0.65907
0.35014,0.71024
0.35034,0.57072
0.3505,0.51922
0.35067,0.50622
0.35088,0.69961
0.35089,0.67712
0.35094,0.57076
0.35096,0.69307
0.35097,0.71149
0.35152,0.7558
0.35156,0.32153
0.35166,0.65209
0.35178,0.54434
0.35208,0.4422
0.35214,0.67821
0.35222,0.28533
0.35266,0.67777
0.35293,0.32285
0.35364,0.65199
0.35389,0.82616
0.35395,0.69943
0.354,0.79877
0.35461,0.5779
0.35503,0.62915
0.3551,0.32761
0.35523,0.34572
0.35547,0.33008
0.35554,0.57043
0.35573,0.63044
0.35635,0.35054
0.35643,0.66671
0.35682,0.74005
0.3572,0.67451
0.35768,0.57507
0.35769,0.35002
0.35787,0.71695
0.35817,0.86835
0.35818,0.58174
0.35823,0.52061
0.35824,0.66761
0.35831,0.49796
0.35843,0.53944
0.35849,0.60125
0.35858,0.42714
0.35863,0.52621
0.35867,0.77379
0.35874,0.65661
0.3588,0.71077
0.3594,0.70629
0.3597,0.70247
0.35976,0.28546
0.35986,0.70976
0.36022,0.70926
0.36058,0.72849
0.3606,0.64409
0.36096,0.32459
0.36138,0.32609
0.36144,0.65406
0.36193,0.6452
0.36241,0.36012
0.36242,0.46738
0.36257,0.30149
0.36281,0.68479
0.36316,0.45433
0.36323,0.58924
0.36331,0.45913
0.36355,0.84846
0.36381,0.68051
0.36441,0.7161
0.36478,0.32376
0.36481,0.68961
0.36512,0.67319
0.3653,0.31623
0.36552,0.51906
0.36577,0.42344
0.36592,0.58848
0.36612,0.69168
0.36642,0.59815
0.36713,0.35525
0.36733,0.33441
0.36747,0.66049
0.36758,0.45191
0.3679,0.51468
0.36826,0.66866
0.36828,0.82837
0.36875,0.80376
0.36893,0.30178
0.36902,0.56861
0.36913,0.71753
0.36959,0.37178
0.36963,0.34002
0.36973,0.67011
0.37083,0.73262
0.37108,0.37923
0.37174,0.71204
0.37175,0.55816
0.3721,0.33064
0.37272,0.33352
0.37338,0.57894
0.37409,0.42325
0.37416,0.39982
0.37418,0.5771
0.37426,0.69351
0.37467,0.87797
0.37483,0.46709
0.37494,0.77973
0.37497,0.66805
0.37525,0.30054
0.37602,0.72539
0.37688,0.80822
0.37698,0.64453
0.37711,0.66395
0.3772,0.64706
0.37721,0.70743
0.37768,0.53241
0.3779,0.55899
0.37799,0.70607
0.37804,0.73299
0.37818,0.54012
0.3782,0.85348
0.37824,0.37981
0.37892,0.61659
0.37925,0.58201
0.37932,0.53854
0.37966,0.31735
0.38026,0.85209
0.3805,0.75895
0.38053,0.66909
0.38094,0.35891
0.38118,0.70011
0.38196,0.5272
0.38214,0.76363
0.38222,0.59312
0.38224,0.41476
0.38231,0.54385
0.38241,0.34375
0.38259,0.76724
0.38273,0.62946
0.38289,0.64677
0.38319,0.50432
0.38341,0.81823
0.38365,0.77342
0.38436,0.86716
0.38455,0.80023
0.38471,0.52664
0.3848,0.59922
0.38534,0.59951
0.38581,0.94472
0.38661,0.50589
0.3867,0.72308
0.38796,0.32565
0.388,0.57302
0.38874,0.65336
0.38906,0.74612
0.39003,0.39927
0.3905,0.89924
0.39074,0.67351
0.39104,0.63004
0.39148,0.56252
0.39186,0.63463
0.39213,0.63596
0.39235,0.5639
0.3932,0.55074
0.39323,0.38173
0.39353,0.72391
0.39354,0.50632
0.39416,0.61158
0.39419,0.78807
0.39453,0.5338
0.39462,0.79059
0.3947,0.64972
0.3947,0.63753
0.39472,0.56103
0.39533,0.8163
0.39594,0.72169
0.39597,0.72879
0.39649,0.97648
0.39659,0.69854
0.39676,0.69312
0.39718,0.8717
0.39722,0.58587
0.39789,0.51812
0.39908,0.5756
0.39921,0.41664
0.39944,0.74601
0.39949,0.6627
0.4002,0.75685
0.40035,1.0197
0.40048,0.74495
0.40165,0.79056
0.40212,0.52588
0.40221,0.80666
0.40262,0.56089
0.40267,0.60878
0.40336,0.48839
0.40387,0.74319
0.40661,0.51843
0.4071,0.63689
0.40825,0.8909
0.40839,0.67214
0.40878,0.77813
0.40925,0.5295
0.41061,0.6683
0.41077,0.57513
0.412,0.66306
0.4131,0.4946
0.41328,0.78733
0.41385,0.47069
0.41402,0.79018
0.4142,0.79302
0.41443,0.511
0.41506,0.68542
0.41568,0.56728
0.41569,0.6347
0.41639,0.42031
0.41659,0.51392
0.41699,0.58653
0.41819,0.64426
0.41819,0.56138
0.41886,0.57228
0.41935,0.59449
0.41938,0.59255
0.41998,0.59341
0.42034,0.42269
0.42052,0.78154
0.42057,0.66993
0.42253,0.81904
0.42283,0.69467
0.42478,0.77883
0.42512,0.71784
0.42532,0.74129
0.42572,0.80895
0.42595,0.50756
0.426,0.48371
0.42634,0.6859
0.42722,0.64996
0.42751,0.60093
0.42818,0.7247
0.42848,0.67384
0.42855,0.54268
0.42892,0.7356
0.4296,0.83421
0.42962,0.53591
0.42973,0.69704
0.4299,0.64608
0.42994,0.41371
0.43241,0.59143
0.43265,0.83168
0.43267,0.52047
0.43332,0.46496
0.43336,0.83948
0.43342,0.70132
0.43365,0.66214
0.43367,0.80361
0.43407,0.58032
0.43425,0.79801
0.43569,0.46534
0.43584,0.6877
0.43656,0.74361
0.43664,0.40188
0.43678,0.50492
0.43683,0.6831
0.43721,0.5018
0.43726,0.62482
0.43757,0.74841
0.43867,0.70709
0.43945,0.58451
0.44034,0.66945
0.44118,0.58948
0.44166,0.77841
0.4417,0.82501
0.4429,0.5786
0.44398,0.70418
0.44465,0.79108
0.44468,0.44735
0.44491,0.52175
0.44508,0.52772
0.44551,0.66514
0.44571,0.69097
0.44617,0.96082
0.44812,0.53094
0.44938,0.5603
0.4502,0.59233
0.45058,0.85218
0.45062,0.67612
0.45171,0.7453
0.45172,0.85554
0.45213,0.56071
0.45252,0.447
0.45259,0.77016
0.45285,0.87859
0.45338,0.69684
0.45346,0.88539
0.45405,0.52733
0.45522,0.57405
0.45562,0.63565
0.45634,0.60682
0.45653,0.74993
0.45732,0.44078
0.45787,0.65621
0.45807,0.57217
0.45921,0.62943
0.46082,0.72786
0.4627,0.81109
0.46304,0.68463
0.46449,0.6387
0.46453,0.64091
0.46571,0.64147
0.46651,0.79015
0.46678,0.76262
0.46693,0.6126
0.46712,0.48931
0.46817,0.90635
0.46903,0.60715
0.46907,0.77026
0.46931,0.28573
0.46945,0.57618
0.47072,0.86549
0.47081,0.60648
0.47154,0.74296
0.47228,0.71919
0.47314,0.47551
0.47466,0.45567
0.4749,0.51424
0.47542,0.42939
0.47544,0.6001
0.47549,0.58031
0.47697,0.57457
0.47829,0.89865
0.47906,0.5396
0.47935,0.64125
0.47964,0.35062
0.48074,0.53556
0.48164,0.76117
0.48272,0.7267
0.48349,0.5625
0.48358,0.75935
0.48497,0.63816
0.48768,0.7318
0.49338,0.67967
0.49471,0.9371
0.49472,0.69874
0.49476,0.79087
0.49535,0.80338
0.49601,0.66858
0.49718,0.51626
0.49843,0.67164
0.49881,1.0066
0.4993,0.58558
0.50084,0.45649
0.50163,0.63247
0.50393,0.62569
0.50446,0.79073
0.50791,0.42319
0.50802,0.68119
0.50928,0.60464
0.50982,0.75841
0.5106,0.82163
0.5131,0.64616
0.51399,0.67034
0.5162,0.8594
0.51635,0.7395
0.51994,0.59711
0.52002,0.40176
0.52139,0.58138
0.52429,0.86406
0.52493,0.67589
0.52637,0.66074
0.53053,0.85774
0.53082,0.71339
0.533,0.75052
0.53348,0.85197
0.53374,0.58779
0.53475,0.6148
0.53525,0.68508
0.53562,0.61486
0.53649,0.76934
0.53967,0.66961
0.5441,0.70928
0.55322,0.60668
0.55353,0.73721
0.55537,0.64951
0.55658,0.66172
0.5572,0.65197
0.55754,0.59769
0.55758,0.66773
0.55901,0.5222
0.5598,0.69462
0.56022,0.67418
0.56038,0.70425
0.5916,0.68685
0.59879,0.44649
0.59912,0.73158
0.61433,0.7978
0.65878,0.58321
0.6684,0.68389
0.6702,0.60569
0.68381,0.77517
